Departement,Commune
Artibonite,Anse-Rouge
Artibonite,Desdunes
Artibonite,Dessalines
Artibonite,Ennery
Artibonite,Estère
Artibonite,Gonaïves
Artibonite,Grande-Saline
Artibonite,Gros-Morne
Artibonite,L'Estère
Artibonite,Marmelade
Artibonite,Saint-Marc
Artibonite,Saint-Michel-de-l'Attalaye
Artibonite,Terre-Neuve
Artibonite,Verrettes
Artibonite,La Chapelle
Centre,Belladère
Centre,Boucan-Carré
Centre,Cerca-Cavajal
Centre,Cerca-la-Source
Centre,Hinche
Centre,Lascahobas
Centre,Maïssade
Centre,Mirebalais
Centre,Saut-d'Eau
Centre,Thomassique
Centre,Thomonde
Centre,Savanette
Grand'Anse,Abricots
Grand'Anse,Anse-d'Hainault
Grand'Anse,Beaumont
Grand'Anse,Chambellan
Grand'Anse,Corail
Grand'Anse,Dame-Marie
Grand'Anse,Jérémie
Grand'Anse,Les Irois
Grand'Anse,Moron
Grand'Anse,Pestel
Grand'Anse,Roseaux
Grand'Anse,Bonbon
Nippes,Anse-à-Veau
Nippes,Arnaud
Nippes,Asile
Nippes,Baradères
Nippes,Fond-des-Nègres
Nippes,Grand-Boucan
Nippes,L'Azile
Nippes,Miragoâne
Nippes,Paillant
Nippes,Petit-Trou-de-Nippes
Nippes,Petite-Rivière-de-Nippes
Nord,Acul-du-Nord
Nord,Bahon
Nord,Borgne
Nord,Cap-Haïtien
Nord,Grande-Rivière-du-Nord
Nord,Limonade
Nord,Limbé
Nord,Milot
Nord,Plaisance
Nord,Plaine-du-Nord
Nord,Port-Margot
Nord,Quartier-Morin
Nord,Saint-Raphaël
Nord,Dondon
Nord,La Victoire
Nord,Pignon
Nord,Ranquitte
Nord,Saint-Raphaël
Nord,Pilate
Nord-Est,Caracol
Nord-Est,Capotille
Nord-Est,Fort-Liberté
Nord-Est,Ferrier
Nord-Est,Mont-Organisé
Nord-Est,Ouanaminthe
Nord-Est,Perches
Nord-Est,Terrier-Rouge
Nord-Est,Trou-du-Nord
Nord-Est,Vallière
Nord-Est,Sainte-Suzanne
Nord-Est,Mombin-Crochu
Nord-Est,Ferrier
Nord-Ouest,Anse-à-Foleur
Nord-Ouest,Baie-de-Henne
Nord-Ouest,Bombardopolis
Nord-Ouest,Chansolme
Nord-Ouest,Jean-Rabel
Nord-Ouest,Mole-Saint-Nicolas
Nord-Ouest,Port-de-Paix
Nord-Ouest,Saint-Louis-du-Nord
Nord-Ouest,Bassin-Bleu
Nord-Ouest,La Tortue
Ouest,Arcahaie
Ouest,Cabaret
Ouest,Carrefour
Ouest,Cité Soleil
Ouest,Cornillon
Ouest,Croix-des-Bouquets
Ouest,Fonds-Verrettes
Ouest,Ganthier
Ouest,Gressier
Ouest,Kenscoff
Ouest,Léogâne
Ouest,Pétion-Ville
Ouest,Port-au-Prince
Ouest,Tabarre
Ouest,Thomazeau
Ouest,La Gonâve
Ouest,Petit-Goâve
Ouest,Grand-Goâve
Ouest,Delmas
Ouest,Kenskoff
Sud,Aquin
Sud,Arniquet
Sud,Les Anglais
Sud,Camp-Perrin
Sud,Cavaillon
Sud,Chantal
Sud,Chardonnières
Sud,Coteaux
Sud,Les Cayes
Sud,Île-à-Vache
Sud,Maniche
Sud,Port-Salut
Sud,Roche-à-Bateaux
Sud,Saint-Jean-du-Sud
Sud,Saint-Louis-du-Sud
Sud,Tiburon
Sud,Torbeck
Sud,Randel
Sud-Est,Anse-à-Pitres
Sud-Est,Bainet
Sud-Est,Belle-Anse
Sud-Est,Côtes-de-Fer
Sud-Est,Grand-Gosier
Sud-Est,Jacmel
Sud-Est,La Vallée-de-Jacmel
Sud-Est,Marigot
Sud-Est,Thiotte
Sud-Est,Cayes-Jacmel
Sud-Est,Cyvadier
Sud-Est,Fond-des-Blancs
Sud-Est,Jacmel
Sud-Est,Saint-Philipe-du-Sud
Sud-Est,Côte-de-Fer
Sud-Est,Belle-Anse
